Epoch,Generator Loss,Discriminator Loss,Test Generator Loss,Test Discriminator Loss
0,-0.5786390900611877,-0.32913899421691895,-0.5042791366577148,-0.39057302474975586
1,1.17705500125885,-0.4700656235218048,0.8534163236618042,-2.142599582672119
2,-0.31303924322128296,-1.5091966390609741,-2.14593505859375,-0.23520612716674805
3,-1.2147544622421265,0.42684781551361084,-2.6534087657928467,0.005326271057128906
4,-0.35946792364120483,-0.6929128766059875,-0.8645141124725342,-0.4252423048019409
5,0.6011232137680054,-0.15733587741851807,-1.2774641513824463,-0.29527902603149414
6,-0.5291728377342224,-0.6948694586753845,-0.5843203663825989,-0.03037393093109131
7,-1.0219974517822266,-0.18550145626068115,0.4166582226753235,-0.7484042048454285
8,-0.31834447383880615,-1.6413367986679077,0.3429539203643799,-0.9439395666122437
9,-1.0372878313064575,-1.4516757726669312,0.44038599729537964,-1.0870792865753174
10,-1.0792760848999023,-0.07539081573486328,0.3383910655975342,-1.5664470195770264
11,-0.1179414689540863,-0.39914631843566895,-0.00753677636384964,-0.41571688652038574
12,-2.175628900527954,-0.2711665630340576,-0.3706640601158142,-0.24296945333480835
13,-0.9149060249328613,-0.19946718215942383,-0.5773561000823975,-0.5160262584686279
14,-1.3034672737121582,-0.29244446754455566,-0.33915218710899353,-0.9712896943092346
15,-1.164204478263855,-0.514944314956665,-0.3302687406539917,-0.5398418307304382
16,-1.5199315547943115,-0.8502820730209351,-0.6502887010574341,0.2638431787490845
17,-0.39396101236343384,-0.21651005744934082,-0.11527302116155624,-1.1770880222320557
18,0.16557660698890686,0.17220482230186462,0.45647114515304565,-1.4392669200897217
19,-0.4494369924068451,-0.30904531478881836,0.43021899461746216,-0.4722452759742737
20,-0.6311770081520081,-0.49540090560913086,-0.6527696847915649,-0.5649981498718262
21,-0.8788639307022095,-0.6570971012115479,0.03620743378996849,0.5351201891899109
22,-1.8849986791610718,0.04407918453216553,-0.9579553604125977,-0.9877316355705261
23,0.4445744454860687,-0.40751975774765015,-0.28172963857650757,-0.451124906539917
24,-0.3321259915828705,0.3255980610847473,-1.4536162614822388,-0.7214245796203613
25,-0.055723968893289566,-0.7169416546821594,-1.1809042692184448,-0.7779354453086853
26,-0.5320596098899841,-0.45843881368637085,0.30977946519851685,-0.5315290689468384
27,-1.0132389068603516,0.5764477849006653,0.2589540481567383,-2.354001760482788
28,0.561538577079773,-0.6853280663490295,0.5776249766349792,-0.96747887134552
29,-0.24204084277153015,0.377740740776062,0.8542740941047668,-0.7713989019393921
30,-0.3219091296195984,-0.19401967525482178,-0.12611091136932373,-0.35543233156204224
31,0.08720549196004868,0.616638720035553,-1.3833669424057007,-0.596427321434021
32,-0.4904397428035736,-0.5430459976196289,0.4604658782482147,-0.3568599820137024
33,-0.8156228065490723,0.8215816020965576,-0.14897945523262024,-0.1526087522506714
34,-0.9459795355796814,0.11870443820953369,-1.356384038925171,-0.2415025234222412
35,-0.8714984655380249,-0.0463176965713501,-0.8226696848869324,-0.5328143835067749
36,-0.6345892548561096,0.4177109897136688,-1.7156983613967896,0.312239408493042
37,-0.175397127866745,-0.6351470947265625,-0.2503131330013275,0.32273757457733154
38,-0.9552549719810486,-0.6377115249633789,-0.32179611921310425,-0.06793177127838135
39,-0.8552221655845642,-0.11001735925674438,-1.6477268934249878,0.023181796073913574
40,-0.9104486703872681,-0.3730112910270691,-0.9520204067230225,-0.28053712844848633
41,-0.1820671260356903,0.6350735425949097,-0.6759718060493469,-0.3578035831451416
42,-0.247813880443573,-0.5636816024780273,-1.0071189403533936,-0.8442257046699524
43,-0.4278792440891266,-0.9776492118835449,-0.4528428018093109,0.3231027126312256
44,-0.7314679622650146,-0.1153864860534668,-1.507243275642395,-0.011427521705627441
45,-1.7208008766174316,-0.973676860332489,-1.48573899269104,-0.3426995873451233
46,-0.03550191596150398,0.14915651082992554,-0.5700885653495789,0.23621273040771484
47,-0.2755987048149109,0.09575293958187103,-0.3626630902290344,0.11431729793548584
48,-0.7168595194816589,-0.8356238603591919,-0.789116382598877,-1.116986632347107
49,-1.202544093132019,-1.767139196395874,-1.906042456626892,-0.35477888584136963
50,-1.5210857391357422,0.09429889917373657,-0.524715781211853,-0.79261314868927
51,-1.0154671669006348,-0.06188392639160156,-0.21790575981140137,0.9120674133300781
52,-1.1618497371673584,-0.008461236953735352,-0.9849762320518494,0.24283790588378906
53,-0.5538956522941589,0.7066977620124817,0.5508314967155457,-0.11739394068717957
54,-1.5174338817596436,-0.7280151844024658,-1.343447208404541,-0.5724579691886902
55,-0.09484755992889404,0.22116535902023315,-1.6583456993103027,-0.06317055225372314
56,-0.8383330702781677,-1.2814942598342896,-1.9844549894332886,-1.0396982431411743
57,-0.2669120132923126,-0.37392276525497437,-1.5976516008377075,0.15653502941131592
58,-0.4852386713027954,-0.6320882439613342,-0.8251680731773376,-0.8840020895004272
59,-0.9350253939628601,-0.1939953863620758,-0.5078061819076538,-0.4851033687591553
60,-1.3106861114501953,-0.31976187229156494,-1.460206151008606,0.30802005529403687
61,-0.8444647192955017,0.9790959358215332,-0.19327475130558014,-0.6245226860046387
62,-0.22075793147087097,-0.4215473234653473,-1.5491701364517212,0.1899174451828003
63,-1.0612481832504272,-0.7413127422332764,-0.8102503418922424,0.2333289384841919
64,-1.0531572103500366,0.3057798147201538,-1.0802088975906372,-0.000989675521850586
65,-1.5595238208770752,-0.5912933349609375,-0.7078180313110352,-0.22315391898155212
66,-1.397764801979065,0.9497247934341431,-0.8025889992713928,-1.438310146331787
67,-1.4964606761932373,-0.36157214641571045,-0.6166026592254639,-0.804548978805542
68,-0.7814449667930603,-1.131915807723999,0.010336620733141899,0.9160733222961426
69,-2.6919937133789062,1.0235402584075928,-1.2469769716262817,-1.144895315170288
70,-1.7109237909317017,-0.5348111391067505,-2.1274123191833496,0.5388764142990112
71,-1.601609230041504,-1.0043226480484009,-0.5898363590240479,-0.8361420631408691
72,-0.33885324001312256,-0.1911817193031311,-1.828895926475525,-0.1977376937866211
73,-1.0144286155700684,-0.583147406578064,-1.1852749586105347,-0.13161957263946533
74,-0.7120932340621948,-0.007606983184814453,-0.3873809278011322,-1.5625659227371216
75,-2.0944244861602783,0.8061919212341309,-0.6585778594017029,-1.1744039058685303
76,-0.6517069935798645,-1.7202600240707397,-0.536770761013031,0.6596963405609131
77,0.20723387598991394,-0.2443230152130127,-0.2410818338394165,0.6491636037826538
78,-0.8769732713699341,-0.24892625212669373,-0.735109269618988,-0.3820018172264099
79,-1.0981796979904175,-0.3869282007217407,0.497448205947876,-0.4846166968345642
80,-1.3584723472595215,-0.7084953784942627,-2.093980073928833,-0.2759295701980591
81,-1.1941733360290527,0.3380519151687622,-1.311500906944275,-1.4431538581848145
82,-1.0755548477172852,0.944737434387207,-1.1762052774429321,-0.6177698373794556
83,-0.240616574883461,-0.6021277904510498,-2.224729299545288,0.21600127220153809
84,-0.6859235763549805,-1.1620863676071167,-0.9642989635467529,-0.23011672496795654
85,-0.06145426258444786,-0.8082860708236694,-0.7107319831848145,0.41451168060302734
86,0.030411407351493835,0.6782330870628357,-0.9859462380409241,0.21512526273727417
87,-1.59248948097229,-0.5593321323394775,-1.7336105108261108,-0.3313382863998413
88,-1.6520838737487793,1.0102417469024658,-0.3090397119522095,1.222719669342041
89,-1.6479251384735107,0.2556713819503784,-1.6610218286514282,0.2515904903411865
90,-0.5257275700569153,0.4155970811843872,-1.0573532581329346,-1.014432668685913
91,-0.44489046931266785,-1.1182210445404053,-0.7477318048477173,-0.32579880952835083
92,-1.1166610717773438,-0.5517070293426514,-0.8280531764030457,-0.6108014583587646
93,0.7173382639884949,0.696001410484314,-0.695223867893219,-0.4678521156311035
94,-1.1804741621017456,-0.4718620777130127,-0.14979735016822815,-1.1218253374099731
95,-1.105378270149231,-0.4374936819076538,0.10456769168376923,-0.32209864258766174
96,-1.3076891899108887,-0.3377441167831421,-0.4092991352081299,0.32858601212501526
97,-2.57289981842041,-0.19165468215942383,0.5029194355010986,-0.10559967160224915
98,-1.5848277807235718,0.5030466318130493,-1.524760365486145,-0.5769511461257935
99,-2.004081964492798,-0.3961225748062134,-0.702612578868866,-0.10851281881332397
100,-1.5862833261489868,-0.6199300289154053,-1.2659019231796265,-2.1561803817749023
101,-0.755056619644165,-1.0527054071426392,-0.5614022016525269,0.5660679340362549
102,-1.9547077417373657,-0.1311354637145996,-0.8814018368721008,-1.6490999460220337
103,-0.27361878752708435,-0.43452510237693787,-1.2482634782791138,-0.5532196164131165
104,-0.8633856773376465,-0.09073138236999512,-0.9389676451683044,1.3058984279632568
105,-1.1974149942398071,-0.8912991285324097,0.0776611939072609,-0.5411235690116882
106,-1.1724870204925537,-0.5532708168029785,-0.23030750453472137,0.921882688999176
107,0.48266229033470154,-0.28581687808036804,-0.41818684339523315,0.681270956993103
108,-1.834084391593933,-0.23226505517959595,-1.8435734510421753,0.08799862861633301
109,-1.0101677179336548,-0.4110769033432007,-0.8998383283615112,-0.6078341603279114
110,-0.8312053680419922,-0.6503485441207886,-0.9564733505249023,0.8994988203048706
111,-0.7924374938011169,1.0668851137161255,0.4250989258289337,-0.48392462730407715
112,-0.9526107907295227,-1.543423056602478,0.6022851467132568,-0.3671817183494568
113,-0.4687903821468353,-0.05458974838256836,-1.2283194065093994,-0.6790034770965576
114,0.5861384868621826,0.041824907064437866,-0.640812873840332,-0.5382888913154602
115,-0.520831823348999,-0.36029767990112305,-1.1818374395370483,-0.19860273599624634
116,-0.9235577583312988,-0.8451195955276489,-0.39742451906204224,0.7692389488220215
117,-1.8086950778961182,-0.25890564918518066,-1.393044114112854,0.18176054954528809
118,-1.5240017175674438,-0.4580906629562378,-0.5188325643539429,-0.16381753981113434
119,-0.20564797520637512,-0.43271470069885254,-0.20977194607257843,-0.40114837884902954
120,-1.1985256671905518,0.738316535949707,-0.7236717939376831,-1.06411874294281
121,-1.288370966911316,0.3811774253845215,-0.692539632320404,-0.030280649662017822
122,-0.6150471568107605,-0.27821648120880127,-1.2107470035552979,-1.6256792545318604
123,-0.38267770409584045,0.6067463755607605,-2.167652130126953,-0.38789308071136475
124,-1.201165795326233,-0.2644804120063782,-0.25586843490600586,-0.047164082527160645
125,-0.2778726816177368,0.26477646827697754,-1.2555395364761353,0.4773899018764496
126,-0.365011990070343,-1.185348629951477,-0.8030848503112793,-1.0828880071640015
127,-2.224902391433716,0.08721268177032471,0.6665316820144653,-0.1850000023841858
128,-0.5369611382484436,0.17910391092300415,-1.3000003099441528,-1.1670103073120117
129,-0.6228600740432739,0.5599289536476135,-0.1445392668247223,-0.24644911289215088
130,-0.6804601550102234,-1.0972086191177368,0.8171059489250183,-1.2340091466903687
131,-1.546118140220642,-1.6126738786697388,-1.6930619478225708,-0.6761095523834229
132,-1.759674072265625,-1.6682344675064087,-2.153787851333618,-1.2177215814590454
133,-1.5371997356414795,-0.9804457426071167,-0.995439350605011,0.3537393808364868
134,-1.1975017786026,-1.2963931560516357,-1.6175915002822876,0.051471710205078125
135,-0.28993383049964905,-0.378271222114563,-0.6147800087928772,-0.860504686832428
136,-1.722640872001648,0.5494382381439209,0.5297044515609741,-0.04627367854118347
137,-1.513315200805664,-1.8092238903045654,-1.0404857397079468,0.0027239322662353516
138,-2.041759729385376,-0.20390045642852783,-0.9537533521652222,0.24038392305374146
139,-1.3711211681365967,-0.6137576103210449,-1.7127151489257812,-0.5247936248779297
140,-1.0465800762176514,0.24962234497070312,-0.6946048736572266,-0.7140889763832092
141,-1.0193792581558228,0.2615487575531006,-0.9922062158584595,-0.09515988826751709
142,-1.0497727394104004,-0.2548646926879883,-0.49775955080986023,-0.43226158618927
143,-0.33123189210891724,0.3596218228340149,-1.0883615016937256,-0.7905344367027283
144,-1.5520191192626953,-1.0599395036697388,0.18613865971565247,0.2550303637981415
145,-1.2963483333587646,-0.41558587551116943,-1.851278305053711,-0.25935113430023193
146,-1.0647854804992676,-0.9156131148338318,-0.19935071468353271,0.08270800113677979
147,-1.7526158094406128,0.28317463397979736,-1.0377308130264282,-0.7027814984321594
148,0.000954923452809453,0.12686628103256226,-1.1936407089233398,1.2139796018600464
149,-0.32209762930870056,-0.15271538496017456,-0.07069417834281921,-0.0014090538024902344
150,-2.2611348628997803,-0.78876793384552,-0.9767923355102539,-0.8283978700637817
151,0.3100959062576294,-0.6186168193817139,-1.7686371803283691,-0.17708086967468262
152,-0.9064317345619202,-0.04688584804534912,-1.0478466749191284,-0.020262479782104492
153,-1.2336935997009277,-1.5508556365966797,-0.6953955888748169,0.3719632029533386
154,0.03839029744267464,-0.5223865509033203,0.23732852935791016,0.4500752389431
155,-0.8301811218261719,-0.6134696006774902,-0.8899087905883789,-1.1448529958724976
156,-0.44478246569633484,-0.8628851771354675,-0.9425317049026489,0.9218206405639648
157,-1.7137008905410767,-0.23395419120788574,-1.5221059322357178,-0.4776970148086548
158,0.04783187061548233,-0.05214248597621918,-1.0284606218338013,0.5217547416687012
159,-1.4374380111694336,0.38124704360961914,-1.365147352218628,-0.13985216617584229
160,-1.4703938961029053,0.11303424835205078,-2.171566963195801,-0.5808720588684082
161,-0.8885176777839661,-0.43167001008987427,-0.903824508190155,-0.6312313079833984
162,-0.46000006794929504,0.14780284464359283,-1.160410761833191,0.043451666831970215
163,-0.9026886820793152,0.5875335335731506,-0.8714737892150879,-0.24006062746047974
164,0.15025892853736877,0.3002406656742096,0.1567496508359909,0.4660225510597229
165,0.084955133497715,-0.07692794501781464,0.3719581663608551,-0.795769453048706
166,-1.903526782989502,-0.7079036235809326,-0.10779089480638504,-0.21164418756961823
167,-1.01033353805542,-0.28558576107025146,-0.4189879894256592,-0.6268230080604553
168,-1.3019219636917114,0.1754167675971985,-0.9779452681541443,0.4044765830039978
169,-1.185684084892273,1.9236793518066406,-1.910253643989563,-0.9637434482574463
170,-0.6613187193870544,-0.5098172426223755,-1.1446869373321533,-0.033603787422180176
171,-1.1351512670516968,0.04254508018493652,-1.0167827606201172,-0.023100852966308594
172,-1.7362937927246094,0.015466809272766113,0.7177978157997131,0.500880241394043
173,0.23006947338581085,1.0608655214309692,-1.6562285423278809,0.7188681960105896
174,-1.360132098197937,-0.13477540016174316,-1.1847931146621704,-0.7040749192237854
175,-1.60282301902771,-1.0985828638076782,-0.607253909111023,-1.7364498376846313
176,-1.4054138660430908,-0.3734447956085205,-0.8773557543754578,-0.4311481714248657
177,-1.4801567792892456,-0.0762372612953186,-1.0927517414093018,-1.5158417224884033
178,-0.41054293513298035,0.21282422542572021,-1.5056954622268677,-0.21388274431228638
179,-1.394797921180725,0.20541396737098694,-0.6996098756790161,-0.0590895414352417
180,-1.906558871269226,0.8817439079284668,-1.8476026058197021,0.061562180519104004
181,-0.8729162216186523,-0.6102645397186279,-0.39653822779655457,0.11497658491134644
182,-1.692177414894104,-0.6152067184448242,-0.8814411759376526,-0.2781635522842407
183,-1.7146642208099365,-0.8520756959915161,-1.2242002487182617,-0.6364736557006836
184,-1.15828275680542,-0.5266683101654053,-0.8776134252548218,-0.2804992198944092
185,0.26147377490997314,0.14408117532730103,-0.47243210673332214,-0.478096067905426
186,-1.2554571628570557,-0.9750989675521851,-0.6363492012023926,-1.55466628074646
187,-1.3658497333526611,0.23774182796478271,-0.6909671425819397,-0.7989042401313782
188,-0.8670653104782104,0.6674702763557434,-1.7563319206237793,-1.3056540489196777
189,-1.2047688961029053,0.7397395372390747,-0.3265306055545807,-0.28978222608566284
190,-1.9843623638153076,-0.03764677047729492,-1.135317087173462,-0.18121659755706787
191,-2.483468770980835,-0.2519395351409912,-1.316019058227539,-0.06867998838424683
192,-0.4749479591846466,0.3638361692428589,-1.813391923904419,-0.25730812549591064
193,-2.4500088691711426,1.178969144821167,-1.9976332187652588,-1.3035292625427246
194,-0.7347031235694885,-0.4889010787010193,-1.4118683338165283,-0.015088438987731934
195,-0.41123050451278687,-0.309428334236145,-1.4226957559585571,-0.7810124158859253
196,-0.5606399774551392,0.17017602920532227,-1.5968875885009766,0.8252589106559753
197,-0.11389544606208801,0.016526490449905396,-1.9012175798416138,-0.7831474542617798
198,-0.8930971026420593,-0.3097488284111023,-1.3921425342559814,-0.2904583215713501
199,-0.21484802663326263,0.45393216609954834,-0.15983575582504272,-0.4940042197704315
200,-0.26407185196876526,-0.5805087089538574,-1.9895490407943726,0.6207994818687439
201,-1.1200363636016846,-0.9579841494560242,-0.8326228857040405,-0.5500732064247131
202,-1.107387661933899,0.07961916923522949,-0.15824533998966217,-1.1334946155548096
203,-0.7919008135795593,0.25892651081085205,-0.4884428083896637,-0.4007737636566162
204,-0.6149365305900574,0.5506678819656372,0.3861529529094696,-0.1562008261680603
205,-1.0821751356124878,-0.4899156093597412,0.27676069736480713,1.7376644611358643
206,-2.4098267555236816,-0.5608800649642944,-0.5297738909721375,0.19586065411567688
207,-1.6183838844299316,1.252690076828003,-0.4471892714500427,1.1924939155578613
208,-0.9825975894927979,-0.6624850630760193,-1.7122809886932373,0.19798991084098816
209,-0.9833205938339233,-0.08894890546798706,-1.5140833854675293,0.9033095240592957
210,-1.3027056455612183,0.17867404222488403,0.31736040115356445,0.9513205289840698
211,-1.1059085130691528,-0.8089494705200195,-0.14722613990306854,-0.7981778979301453
212,-1.3902467489242554,0.37998396158218384,0.050935156643390656,1.1354365348815918
213,-0.9085842967033386,-0.5169808864593506,-0.43287092447280884,-0.25900787115097046
214,-1.9228569269180298,-0.38384783267974854,0.741238534450531,-0.5871798992156982
215,-0.7999911904335022,-0.4074229598045349,-1.1140142679214478,-0.3803213834762573
216,-1.3285495042800903,0.22219663858413696,-0.5854043364524841,0.950424313545227
217,-0.2213742882013321,0.029468515887856483,-0.1480971723794937,-1.0052196979522705
218,-0.32089942693710327,-0.37231191992759705,0.23217949271202087,0.3986300230026245
219,0.49379801750183105,0.8549216985702515,-1.7827547788619995,1.4722648859024048
220,0.6495449542999268,0.4352812170982361,-0.20107075572013855,-0.11316056549549103
221,-1.0333913564682007,-0.43448179960250854,-1.7783828973770142,-0.08477067947387695
222,-1.1251978874206543,0.9971156716346741,-0.6736587285995483,-1.5906111001968384
223,-1.1258580684661865,0.3762531876564026,-0.8242794275283813,1.077873706817627
224,-0.7620671987533569,-0.5765472054481506,-0.4004422724246979,-0.36800214648246765
225,-0.36428314447402954,-1.6129331588745117,-0.38068887591362,1.269345760345459
226,0.16209881007671356,-0.38192808628082275,-1.3326750993728638,0.6090685129165649
227,-0.07226011902093887,0.6966999769210815,-0.5218127965927124,-1.3112945556640625
228,-1.5130586624145508,-0.17761874198913574,-0.2781205177307129,-0.011090755462646484
229,-0.16488602757453918,0.39937543869018555,-1.2799783945083618,0.14191198348999023
230,-1.7281450033187866,0.21969401836395264,-0.31385624408721924,-1.38424813747406
231,-1.5621172189712524,-0.8823161721229553,-0.34729111194610596,-0.9695125818252563
232,-0.7046498656272888,-0.0898580551147461,-1.3427846431732178,-1.4553170204162598
233,-0.16998836398124695,-0.8147354125976562,-0.7576863765716553,-0.8663830757141113
234,0.2504987120628357,0.6992645263671875,-2.2862560749053955,0.7067360877990723
235,-0.03880038484930992,0.1497107744216919,-0.6922284364700317,-1.0393166542053223
236,-1.3473223447799683,-0.21065926551818848,-1.6706146001815796,0.9367877244949341
237,-1.8832125663757324,-0.9160836338996887,-1.0421621799468994,0.786346971988678
238,-1.159293532371521,-0.5253676176071167,-1.7018061876296997,0.6688728332519531
239,0.5631961226463318,-0.6723126173019409,-1.0352166891098022,0.1101250946521759
240,-0.42134618759155273,-0.2180745005607605,-0.6667444705963135,-0.6206798553466797
241,-1.1392898559570312,-0.15969014167785645,-0.5900916457176208,0.5192013382911682
242,-0.6831986308097839,0.3141329288482666,-0.3802570402622223,-1.6418784856796265
243,-0.9015947580337524,0.4422365427017212,-0.0041768113151192665,-1.8736786842346191
244,-1.3970977067947388,-0.40931010246276855,-0.7550919651985168,-0.6898154020309448
245,-1.6229017972946167,0.23379898071289062,-1.3358826637268066,-0.05443108081817627
246,-0.41252174973487854,-0.5342643857002258,-2.354109764099121,0.44984763860702515
247,-1.3688068389892578,0.3411421775817871,-0.9945147037506104,-0.9638619422912598
248,-0.015812639147043228,-0.18743863701820374,-1.021066427230835,0.48578107357025146
249,-0.570745050907135,0.20840328931808472,-0.4829367697238922,-0.917078971862793
250,-0.3608176112174988,-0.6200510263442993,-1.6522527933120728,-1.1904810667037964
251,0.6810613870620728,0.03898334503173828,-0.7085365056991577,0.5015796422958374
252,-0.419088751077652,1.012373685836792,-0.28662392497062683,0.1788332164287567
253,-1.0386829376220703,0.5603286027908325,-0.5696576237678528,-1.9181132316589355
254,-0.2995852828025818,-0.29042547941207886,-0.11099232733249664,-0.9394660592079163
255,-0.9266358017921448,-2.36484956741333,-0.7977112531661987,2.076727867126465
256,-1.3786935806274414,0.5873267650604248,-0.20011085271835327,-1.1339466571807861
257,0.08924748003482819,-0.3392108380794525,-0.5648364424705505,-0.759183943271637
258,-0.298378050327301,0.28088536858558655,-0.008255201391875744,-0.1470041275024414
259,-1.107276201248169,1.1285457611083984,-0.7057965993881226,-0.11903578042984009
260,-0.9892550110816956,0.19150829315185547,-0.05208289250731468,-0.07926207780838013
261,-1.3095670938491821,-0.1896904706954956,-0.24885791540145874,-0.6467593908309937
262,-0.8313932418823242,-0.16650891304016113,-1.8998668193817139,-0.05040097236633301
263,-0.3923932909965515,0.06852829456329346,-0.052324168384075165,0.42194247245788574
264,-1.213544487953186,-0.4294990301132202,-0.9131861925125122,1.1607798337936401
265,-1.1730811595916748,-0.5095564126968384,-1.556977391242981,0.11481976509094238
266,-0.8705489039421082,-0.8305565118789673,0.9198319911956787,-0.9113091230392456
267,-0.8825695514678955,0.9724802374839783,-0.32991930842399597,-0.18220508098602295
268,-0.5111094117164612,-0.32938337326049805,0.5215486288070679,-1.4773684740066528
269,-0.5427870750427246,-0.6347026824951172,-0.5385076999664307,-0.5459327697753906
270,-0.9969022870063782,0.5863012075424194,-0.06485477089881897,1.1811801195144653
271,-0.9528592824935913,0.8178055882453918,-1.4446821212768555,-0.4341665506362915
272,-0.9011180996894836,-0.22855797410011292,-0.6915372014045715,1.3559577465057373
273,-1.257089614868164,-0.7630435824394226,-0.9452019929885864,0.5667373538017273
274,-1.672528624534607,-1.1766736507415771,-0.37267568707466125,-0.39185407757759094
275,-0.9190120697021484,1.1669397354125977,0.1313612163066864,-0.35540786385536194
276,-2.1844849586486816,-0.10733914375305176,-0.3729604482650757,-0.6808168888092041
277,-0.3930751085281372,-0.40468594431877136,0.4189227819442749,0.7235915660858154
278,-0.3687122166156769,-1.835554599761963,-1.409485101699829,-0.627695620059967
279,-0.49641817808151245,0.8024857640266418,-0.41350501775741577,-0.8191823959350586
280,-1.701792597770691,-0.38143569231033325,1.3078407049179077,0.8528568744659424
281,-0.6840881705284119,0.3468448519706726,-0.9572342038154602,-0.1444108486175537
282,-0.6428869962692261,-0.046674489974975586,0.18824560940265656,-0.758493185043335
283,-2.0146396160125732,0.5431499481201172,-0.3501351773738861,-0.061289191246032715
284,-1.0075098276138306,-0.04783383011817932,-0.5239307880401611,-0.32037967443466187
285,-1.2701359987258911,0.5863525867462158,-0.8187144994735718,-1.06621253490448
286,-0.13898319005966187,-0.2857878804206848,-0.10424087196588516,-0.9597032070159912
287,-0.6282638311386108,-0.5928865671157837,-0.7539666295051575,0.49720680713653564
288,-0.5699699521064758,-0.42990991473197937,0.07730904966592789,-0.10693344473838806
289,-0.3533899486064911,-0.16924703121185303,-0.832875669002533,0.6110553741455078
290,-0.9253465533256531,0.12078136205673218,-0.38861146569252014,-0.23846280574798584
291,-1.199040412902832,0.32573235034942627,-0.09857252985239029,-0.014432430267333984
292,-0.19659031927585602,0.6656731963157654,0.19508036971092224,-1.3103382587432861
293,-1.2216041088104248,-0.6419756412506104,-1.5559247732162476,0.26369380950927734
294,-1.2969194650650024,-1.4737792015075684,-0.959242582321167,-0.6258842349052429
295,-1.6381094455718994,0.5182687640190125,-1.494979739189148,-1.5040204524993896
296,-0.8433384299278259,0.12165546417236328,-0.3995721638202667,0.6002101898193359
297,-0.805204451084137,-0.3538288176059723,-0.9823125004768372,-0.8417122960090637
298,-1.4313393831253052,1.5730963945388794,-0.47667819261550903,0.12130188941955566
299,-1.7498573064804077,0.2048557996749878,-1.2725051641464233,-0.40939611196517944
300,-2.4537734985351562,0.3216261863708496,-0.6932970881462097,-0.5581797957420349
301,-1.8536723852157593,-0.8859505653381348,-0.790299654006958,-0.06333976984024048
302,-1.6818962097167969,0.21120429039001465,-0.6675814390182495,0.4588140845298767
303,-0.8311317563056946,0.8316848874092102,-0.5118147730827332,-0.9167301654815674
304,-0.6769909262657166,0.03878378868103027,-0.9236567616462708,-0.03796684741973877
305,-1.0449217557907104,-0.826074481010437,-1.8173534870147705,-1.459050178527832
306,-0.7811446189880371,-0.7685644626617432,-1.9783954620361328,0.6248905658721924
307,-0.6156379580497742,1.245356559753418,-1.1937164068222046,-0.47586745023727417
308,-0.0609290674328804,-0.4575461149215698,0.2709601819515228,0.6147967576980591
309,-1.2443389892578125,-0.42961668968200684,-1.6076592206954956,-0.716890811920166
310,-0.6224186420440674,0.6309459805488586,-1.495517611503601,-0.7753177881240845
311,-1.2340095043182373,0.7285380363464355,-0.7590550184249878,-0.21127855777740479
312,-1.0060374736785889,0.059511423110961914,-1.4149061441421509,0.16494345664978027
313,-1.9338401556015015,-0.7940789461135864,-1.4063278436660767,-0.0931234359741211
314,-1.1625430583953857,-0.6866874098777771,-1.3395683765411377,-0.00475466251373291
315,-0.8881769776344299,-0.04960811138153076,-1.1182560920715332,-0.5609447956085205
316,-0.08236901462078094,-0.8131120204925537,0.780343234539032,0.09054510295391083
317,-1.799132227897644,-0.3347543478012085,0.465547651052475,0.18512049317359924
318,-0.37065377831459045,0.03532826900482178,0.24170364439487457,-0.1487293243408203
319,-1.1256736516952515,-0.04106825590133667,0.18910913169384003,-0.5684744119644165
320,-2.192628860473633,-1.271535873413086,0.6254084706306458,0.08120221644639969
321,-2.534709930419922,-0.4977761507034302,0.36000925302505493,-0.7766008973121643
322,-1.3645832538604736,0.39638423919677734,-1.2090117931365967,0.14644265174865723
323,-1.1820847988128662,-0.38293373584747314,-0.4280622899532318,-0.14071789383888245
324,-1.5533156394958496,0.3095862865447998,-0.19185703992843628,1.0544629096984863
325,-1.0525001287460327,-0.28385937213897705,-1.2377980947494507,-0.43998169898986816
326,-0.45383089780807495,-0.3988543450832367,-1.0450631380081177,-0.12656563520431519
327,-1.0561468601226807,-0.6478832364082336,-0.1396757811307907,0.31348174810409546
328,0.5995138883590698,0.06559109687805176,-0.019106566905975342,-0.931269109249115
329,-0.48992517590522766,-1.114678978919983,-0.5066248774528503,0.31864964962005615
330,-0.027085822075605392,-0.1374945342540741,0.14806707203388214,0.022286629304289818
331,-1.058992862701416,0.9822006225585938,0.5276386737823486,-0.8829848766326904
332,-0.865689754486084,0.5583549737930298,-1.0449001789093018,0.4211825132369995
333,-1.2221711874008179,0.32508790493011475,0.22874905169010162,0.24835264682769775
334,-0.605070948600769,-0.2908605933189392,-0.19536477327346802,-0.47852519154548645
335,-1.4475990533828735,0.5562788248062134,0.18708734214305878,-0.379229336977005
336,0.005204509478062391,0.8683135509490967,-0.3802121579647064,0.37303975224494934
337,-0.9555680155754089,1.164028525352478,-0.0868423581123352,0.5872652530670166
338,-0.4741252362728119,0.7799519896507263,-0.4058533310890198,-0.3979652523994446
339,-1.2075318098068237,-0.373843252658844,-0.7486361861228943,0.0453716516494751
340,-0.772804856300354,0.011828536167740822,-1.7416975498199463,0.05115246772766113
341,-0.12467644363641739,-0.5974475741386414,-0.4957831799983978,0.5451415777206421
342,-0.7869226336479187,-0.3554297089576721,-2.290543556213379,0.051444292068481445
343,-2.2079219818115234,0.5575514435768127,-1.4587273597717285,0.7269754409790039
344,-0.5572560429573059,-0.716073751449585,0.12544603645801544,0.056567370891571045
345,0.07107521593570709,-0.607512354850769,-0.9284513592720032,-0.07581698894500732
346,-1.1759419441223145,0.157831072807312,-0.5068659782409668,-0.3910444974899292
347,-0.38924774527549744,-0.04235178232192993,-0.7440906167030334,-0.5772518515586853
348,-0.6754369139671326,0.45700132846832275,-0.5618519186973572,-0.6876519918441772
349,-1.7738027572631836,0.9565915465354919,0.39955440163612366,0.17317567765712738
350,-0.6147540211677551,-0.3644280731678009,-0.9096641540527344,-1.190999150276184
351,-1.2600092887878418,0.43945246934890747,-0.554064154624939,0.4175218343734741
352,-1.0367122888565063,0.18999481201171875,-0.1326659619808197,-0.631080687046051
353,-1.3291699886322021,-0.4130164384841919,0.18706093728542328,-0.5634240508079529
354,-2.637528657913208,-1.4782190322875977,-0.11986482888460159,0.7075712084770203
355,-0.8639090657234192,-0.8044822216033936,-0.357521653175354,0.388247549533844
356,-0.358496755361557,0.7307981252670288,-1.0084739923477173,0.15402352809906006
357,-1.5723718404769897,-0.5511295795440674,-0.3137160539627075,-0.08306413888931274
358,0.020669780671596527,0.6686350703239441,-1.2980592250823975,-0.1976293921470642
359,0.8356830477714539,0.32585787773132324,-0.19361159205436707,0.22855645418167114
360,-0.5457735657691956,0.7926026582717896,-0.5794715285301208,0.46943920850753784
361,-0.18720108270645142,-0.41205763816833496,-0.6656147837638855,-0.479683518409729
362,1.076225996017456,-0.25277990102767944,-1.9873241186141968,-0.34438884258270264
363,-0.4042016267776489,-0.9377536177635193,-0.9395612478256226,0.10015511512756348
364,-0.48731592297554016,-1.1909081935882568,-0.5077211260795593,-0.6962430477142334
365,-1.8057889938354492,0.3607391119003296,-1.2883485555648804,0.08058753609657288
366,-1.8002601861953735,-0.4611085057258606,-1.8286060094833374,-0.3166731595993042
367,-0.8596533536911011,0.5587435960769653,-1.3475011587142944,0.4605512022972107
368,-0.5742722153663635,-0.3738324046134949,-1.1532782316207886,0.3702988028526306
369,-1.0672478675842285,-0.5288311839103699,-1.0943788290023804,-0.4560316205024719
370,-0.9798282980918884,0.10079282522201538,-1.8381203413009644,-0.4577137231826782
371,1.313973069190979,-0.6063229441642761,-1.3584494590759277,-0.11530256271362305
372,0.5480635166168213,0.785192608833313,-1.374914526939392,0.15239715576171875
373,-1.3669322729110718,-0.9044230580329895,-1.8015499114990234,-0.7028529644012451
374,-0.8278101086616516,-0.7803953289985657,-1.9839814901351929,-0.2494434118270874
375,-0.5896695256233215,-0.14707446098327637,-1.321743130683899,-0.7082894444465637
376,-0.8984254598617554,0.3404518961906433,-1.0341053009033203,0.8220418691635132
377,-0.06953084468841553,1.0232771635055542,-1.2203688621520996,-0.24728989601135254
378,-0.6569021940231323,0.050655245780944824,-1.4760597944259644,0.3924254775047302
379,-0.40001872181892395,0.08451400697231293,-0.6748125553131104,0.6663129329681396
380,-0.2868845462799072,-0.7643834352493286,-1.0371729135513306,0.16253912448883057
381,-0.357931911945343,-0.4600672125816345,-0.9990176558494568,0.9565545320510864
382,-0.5076877474784851,-0.8471496105194092,-1.4314663410186768,-0.7901042103767395
383,-0.49461835622787476,-0.4621303081512451,-0.6533222794532776,-0.8022907972335815
384,-1.5214802026748657,-1.0122685432434082,-0.69638991355896,0.18590807914733887
385,-0.5911450386047363,-0.027877092361450195,0.2104806751012802,0.45900195837020874
386,0.3259608745574951,0.5309687256813049,-2.135042667388916,-0.24919533729553223
387,-0.3753369450569153,0.1745467185974121,-0.7390917539596558,-0.15284746885299683
388,-1.4068408012390137,0.27066129446029663,-1.3138844966888428,-0.9225360155105591
389,-0.6853361129760742,-0.6449247598648071,-1.2009334564208984,0.060885220766067505
390,0.0218071136623621,-0.3494204878807068,-0.9236334562301636,0.024089336395263672
391,0.47381746768951416,-0.6877992153167725,0.4759538173675537,0.7019150853157043
392,-1.8007793426513672,0.27848315238952637,-0.735973596572876,0.008539766073226929
393,-1.0321600437164307,0.31214046478271484,-0.5860779285430908,-0.5737247467041016
394,-1.3906103372573853,-0.48998552560806274,-1.1156383752822876,0.5248781442642212
395,-1.3655503988265991,-0.4032294750213623,-1.5530894994735718,-0.7984532713890076
396,-1.2402669191360474,-0.9276126623153687,-1.1346653699874878,-0.03974485397338867
397,-0.6553115248680115,0.2701600193977356,-0.02174333482980728,-0.11035174131393433
398,-0.9798382520675659,0.7312353849411011,-0.6800371408462524,-0.5724914073944092
399,-0.5183457732200623,-0.5340542793273926,-1.6719930171966553,-0.18134015798568726
400,-0.9497713446617126,-0.0459446907043457,-0.9682562351226807,-0.13950860500335693
401,-1.3790268898010254,-0.2557089328765869,-1.992483377456665,-0.6838866472244263
402,-1.2814217805862427,-0.4160686731338501,-2.1210854053497314,0.11869382858276367
403,0.19532063603401184,0.6493687033653259,-1.1383436918258667,0.9094419479370117
404,-1.1538231372833252,0.4646384119987488,-1.0465669631958008,-0.08137035369873047
405,-0.31522348523139954,-0.5674799084663391,-1.0104305744171143,-0.08073532581329346
406,-1.2453519105911255,-0.9927381873130798,-0.5611774921417236,-1.0064151287078857
407,-1.1706554889678955,0.8229745030403137,-1.6838148832321167,-0.07361888885498047
408,-1.0119121074676514,1.690772533416748,-0.5712968707084656,-0.09423431754112244
409,0.07695282250642776,-0.31795936822891235,-1.0919500589370728,1.1598517894744873
410,-0.09378457814455032,-0.20365184545516968,-1.6432697772979736,-0.9029065370559692
411,0.7594305872917175,-0.06598913669586182,-0.7003327012062073,-0.48047107458114624
412,0.03657662123441696,-1.3420816659927368,-0.9896425604820251,-0.22462008893489838
413,-0.9322910904884338,1.4119770526885986,-1.1028525829315186,0.3668959140777588
414,-1.340744972229004,0.024328112602233887,-0.4332842528820038,0.18860915303230286
415,-0.961333692073822,-0.6870166063308716,-0.8636162877082825,-0.07267796993255615
416,-1.2424187660217285,0.5199449062347412,-1.4533140659332275,-0.3079655170440674
417,0.6628319621086121,0.14894714951515198,-1.992521047592163,-1.1034404039382935
418,-0.11435874551534653,0.9412151575088501,-0.8377924561500549,-0.11638867855072021
419,-0.6985985636711121,1.2573761940002441,-1.058737874031067,-0.5359435081481934
420,-0.7706635594367981,0.4259312152862549,-1.0696357488632202,-0.6779752373695374
421,-0.2993793785572052,-0.360472708940506,-1.098597764968872,-0.6922479867935181
422,-1.2924948930740356,0.18537533283233643,-1.434422254562378,0.41889965534210205
423,-0.21689336001873016,-1.5236159563064575,-2.153811454772949,-0.7663546800613403
424,0.4558573067188263,-0.745798647403717,-1.7762770652770996,-0.3207237720489502
425,-0.8530707955360413,-0.4684638977050781,-2.4950907230377197,-0.9362576007843018
426,-1.8209762573242188,0.06808114051818848,-1.3307111263275146,-0.011945009231567383
427,-2.7142369747161865,-0.20815134048461914,-1.8577591180801392,-1.0370280742645264
428,-0.9868054389953613,1.1504437923431396,-0.5934485197067261,-0.8668777942657471
429,-1.726511001586914,0.17564821243286133,-0.8199386596679688,-0.7473013401031494
430,-0.5103077292442322,-0.1622828245162964,-0.6305257081985474,1.7243297100067139
431,-0.8788866400718689,0.5020577907562256,-0.5287047028541565,-0.19511711597442627
432,-1.0240603685379028,1.8402310609817505,0.8549228310585022,-0.21702399849891663
433,-0.38420581817626953,-0.6378954648971558,-1.3718857765197754,-0.25959038734436035
434,-0.520753026008606,-0.6292290091514587,-1.0742743015289307,0.021776676177978516
435,-0.7840889692306519,0.5817514657974243,-1.1197246313095093,0.27771466970443726
436,-1.2037122249603271,-0.49394217133522034,-0.4167230427265167,0.06959611922502518
437,-0.27883219718933105,-0.5942628979682922,-0.26739931106567383,0.38684409856796265
438,-0.7784475684165955,-0.026754342019557953,0.5107630491256714,-0.7941470146179199
439,0.1050911396741867,-0.0819401890039444,-1.2933517694473267,-0.6638911366462708
440,0.5809627175331116,-0.07385899126529694,-1.1121653318405151,-0.3278600573539734
441,-0.5703831911087036,0.8339836597442627,0.10238625109195709,-1.1173505783081055
442,-0.2921343445777893,-0.541102409362793,-0.33715492486953735,-1.2796136140823364
443,-1.3510677814483643,-0.05733609199523926,-0.9876134395599365,0.3287529945373535
444,-1.2488452196121216,0.8380468487739563,-0.700414776802063,-0.12297743558883667
445,-0.2969139814376831,-0.2868870496749878,-0.9653635025024414,-0.3883979320526123
446,-0.7817104458808899,0.30908679962158203,-0.3102456331253052,-0.5613426566123962
447,-0.7558062672615051,0.2688363194465637,0.626204252243042,-1.1002073287963867
448,-0.4398851990699768,0.4906517565250397,-1.1919327974319458,-0.19017529487609863
449,-0.5976293683052063,0.33308905363082886,-1.0574339628219604,1.1586769819259644
450,-1.775625228881836,0.024880290031433105,-0.7536137700080872,-0.3449138402938843
451,-1.5158017873764038,-2.0829131603240967,-1.58120596408844,-0.15509623289108276
452,0.004556777887046337,-0.6081671118736267,-0.8508466482162476,-0.4858710765838623
453,-1.039118766784668,-0.08769762516021729,-0.07782033085823059,1.154058575630188
454,-1.9259638786315918,0.14393198490142822,-0.6210708618164062,-0.7259105443954468
455,-0.6579189896583557,0.4583243131637573,-0.37816715240478516,0.8257670402526855
456,0.5235581994056702,0.8284884691238403,-1.0198020935058594,0.3168327212333679
457,-1.6714726686477661,0.8923099637031555,-1.3221131563186646,0.09122323989868164
458,-0.1839030236005783,0.3529292941093445,0.07939551770687103,-1.2736976146697998
459,-0.4236891269683838,-0.4167696237564087,-1.3640022277832031,-0.6864851713180542
460,-0.9242889881134033,-0.04229927062988281,-2.185537576675415,0.8986217975616455
461,-0.96843022108078,-0.28321272134780884,0.22483785450458527,0.2924404740333557
462,0.1349261850118637,0.06182456016540527,-2.2232909202575684,-0.8850610256195068
463,0.34083038568496704,-0.047422170639038086,-0.8245548605918884,-0.5533008575439453
464,-1.0758589506149292,-0.15933334827423096,-3.1070516109466553,0.03844809532165527
465,-1.9325095415115356,-1.2145922183990479,-1.4933654069900513,-0.7719532251358032
466,-1.8592641353607178,0.7924606800079346,-1.3825607299804688,-1.1653649806976318
467,-0.3187587261199951,-0.3185907006263733,-0.7323737144470215,-0.5421106219291687
468,0.8392795920372009,-0.13151225447654724,-0.5550277233123779,1.0803765058517456
469,-0.4159286916255951,0.016472697257995605,-0.6373776793479919,0.6495219469070435
470,-0.013470415957272053,-0.8422795534133911,-0.4348253011703491,-1.153395652770996
471,-0.6857096552848816,-0.12120747566223145,-2.1199798583984375,-0.10433197021484375
472,-0.8616463541984558,0.11806541681289673,-0.5674748420715332,0.36799418926239014
473,-0.9703783988952637,-0.7279467582702637,-1.3729592561721802,-0.13832414150238037
474,-0.2629545032978058,-0.39625006914138794,0.4941028356552124,1.1167125701904297
475,-1.1571799516677856,0.9673817753791809,-0.3698572814464569,-0.11008560657501221
476,-1.9055312871932983,0.5088887810707092,-0.4107769727706909,1.5497554540634155
477,-1.6019611358642578,0.5451257228851318,-1.6845006942749023,-0.3036996126174927
478,-1.8007439374923706,-0.07985341548919678,-1.28652024269104,0.05751323699951172
479,-1.3908253908157349,0.5349547266960144,-0.5005139708518982,-0.6252303719520569
480,-1.3202149868011475,0.23002886772155762,-1.2384371757507324,-0.2965714931488037
481,-1.224686861038208,-0.6351262331008911,-2.324798345565796,0.7537215948104858
482,-0.7052117586135864,-0.49703145027160645,-2.041085958480835,-0.15643465518951416
483,-1.1587836742401123,-1.0331065654754639,-1.8631004095077515,-1.282906174659729
484,-1.245725393295288,-0.47692999243736267,-2.5221972465515137,0.23533213138580322
485,-0.15311908721923828,0.302237868309021,-0.5236310958862305,-0.42551860213279724
486,-2.0835399627685547,-0.6309092044830322,-0.8339423537254333,0.2486402988433838
487,-0.20891274511814117,-0.34391528367996216,-1.252709150314331,-0.6694756746292114
488,-0.9364431500434875,0.660760760307312,-2.749229669570923,0.13812243938446045
489,-0.288714736700058,0.0718076229095459,-0.5238601565361023,0.34579217433929443
490,-1.1773598194122314,0.5419832468032837,-1.4756230115890503,0.4120461940765381
491,-0.9347760081291199,-0.6100296378135681,-0.8228287696838379,-0.3453563451766968
492,0.7551606893539429,0.7969160676002502,-1.3451968431472778,-0.40483349561691284
493,-1.1515744924545288,-0.24220740795135498,-1.4456734657287598,-2.009220838546753
494,-1.143275499343872,0.151960551738739,-1.434073567390442,-0.10219275951385498
495,-1.0329985618591309,-1.3197892904281616,-1.4483314752578735,-0.18884515762329102
496,-1.1047483682632446,0.029105305671691895,-1.0490381717681885,0.1693088859319687
497,-1.2207094430923462,0.9328241944313049,-1.1273826360702515,-0.786763072013855
498,-2.3894922733306885,0.7538728713989258,-0.22569654881954193,0.26060205698013306
499,-1.4871901273727417,-0.8147251605987549,-0.564277172088623,0.07371687889099121
500,-1.0717344284057617,-0.2173808217048645,-0.04039178043603897,-0.6994509696960449
501,-1.7498140335083008,-0.03322148323059082,-2.028494119644165,0.59918612241745
502,-1.9851343631744385,-0.12755125761032104,-1.049960732460022,-0.41482114791870117
503,-1.7131413221359253,-0.45005905628204346,-1.6052619218826294,1.2628295421600342
504,-1.2450945377349854,-1.047652006149292,-0.6979544758796692,1.57102370262146
505,0.04343673214316368,-0.7061772346496582,-2.2480220794677734,-0.5491620302200317
506,-1.370422124862671,-0.09147393703460693,-0.705676794052124,-1.8582799434661865
507,-0.6249364018440247,-0.5134583711624146,-1.323693037033081,-0.2162156105041504
508,-0.8009482026100159,0.278133749961853,-2.111025810241699,0.6332919597625732
509,-0.13521277904510498,0.06320987641811371,-2.1066789627075195,0.3001059293746948
510,-0.762013852596283,-0.7964787483215332,-0.8633987903594971,1.3384785652160645
511,-0.5943424105644226,0.3921765089035034,0.1652146279811859,-0.30788934230804443
512,-1.3351755142211914,0.6681760549545288,-0.5998010635375977,-0.25411200523376465
513,-0.556992769241333,0.7933381795883179,-0.6273608803749084,-0.005248427391052246
514,-0.4542469084262848,-0.7624785900115967,-1.1954723596572876,-0.7856112718582153
515,-1.16069495677948,-1.4452760219573975,-1.5617187023162842,-0.07562559843063354
516,-2.5237061977386475,-0.8513078689575195,-1.8669127225875854,-0.5488653779029846
517,-1.375970721244812,0.5076076984405518,-0.6806421279907227,-0.4037076234817505
518,-1.6131174564361572,0.03967690467834473,-0.7682516574859619,0.5851821899414062
519,-1.8329548835754395,-1.0633063316345215,-1.2913440465927124,-0.2991158962249756
520,-1.8364938497543335,-0.7169762849807739,-1.7224947214126587,1.3653855323791504
521,-1.349053144454956,-0.5875867009162903,-0.4734116494655609,1.7690197229385376
522,-2.3876235485076904,-0.7038203477859497,-0.7520802617073059,0.04072517156600952
523,-1.4863022565841675,0.16636216640472412,-2.0469186305999756,0.23521214723587036
524,-0.9170161485671997,-0.6089509725570679,0.06100228801369667,-0.696783185005188
525,-0.8863258957862854,-0.11725473403930664,-1.5261281728744507,0.34615659713745117
526,-1.5593112707138062,-0.4781482219696045,-1.2043709754943848,-0.5051690340042114
527,-0.8094967007637024,0.2721089720726013,-0.5779170393943787,-0.7249110341072083
528,-1.2877309322357178,0.13567037880420685,-0.8283368945121765,0.49782371520996094
529,-1.5570768117904663,-1.571131706237793,-1.7465366125106812,-0.030840635299682617
530,-1.4869760274887085,0.16926932334899902,-0.21682441234588623,-1.2003982067108154
531,-0.4322439134120941,0.7444512248039246,-0.21571743488311768,-0.004559636116027832
532,-0.13224975764751434,0.45337358117103577,-0.432669997215271,-0.10614896565675735
533,-2.4504432678222656,1.0318838357925415,-0.37283754348754883,-0.7771065831184387
534,-0.9988539218902588,1.1414413452148438,-0.5537905097007751,-0.6294880509376526
535,0.14568665623664856,1.1100947856903076,-0.6125795245170593,-0.3227718472480774
536,-0.9252181649208069,0.4328950345516205,-0.9781587719917297,-1.11772620677948
537,-1.2413769960403442,-0.2179698944091797,-0.5498260855674744,-0.07855427265167236
538,-0.7205485701560974,0.9081079363822937,-0.5136473178863525,-0.6117638349533081
539,-0.5605514645576477,0.6538954377174377,-0.13309328258037567,-0.5460670590400696
540,-0.818518340587616,0.3392590284347534,-0.7759938836097717,0.668330192565918
541,-2.0681378841400146,0.00269162654876709,-2.1594886779785156,-0.24542754888534546
542,-1.9598249197006226,-0.5438264012336731,-1.0449795722961426,0.47766977548599243
543,-1.5586305856704712,-1.6028064489364624,-0.004574635066092014,0.24588268995285034
544,-2.138119697570801,-0.39745521545410156,-1.198014259338379,-0.2490856647491455
545,-1.1869784593582153,0.1722620725631714,-1.3407483100891113,0.13105988502502441
546,-1.2400647401809692,0.4128912687301636,-2.3169240951538086,-0.027248382568359375
547,-0.8519678115844727,-0.0959177017211914,-1.3775869607925415,-0.774468183517456
548,-0.8501307964324951,-0.040390610694885254,-0.5322232246398926,-0.25137174129486084
549,-2.0812413692474365,-0.2549474239349365,-0.242559015750885,-0.9196118116378784
550,-1.6171834468841553,-0.10337173938751221,-0.45815905928611755,-1.0190906524658203
551,-2.5361487865448,0.26130855083465576,-1.1006572246551514,-0.48754453659057617
552,-2.201000452041626,-0.2593259811401367,-0.20832601189613342,0.8052572011947632
553,-0.5448179244995117,-0.4267207384109497,-0.2886865735054016,-0.3348778486251831
554,-1.635528802871704,-0.7985899448394775,-1.7438067197799683,-0.5964875221252441
555,0.10009279102087021,0.8006855845451355,-1.7528713941574097,-0.3364519476890564
556,-1.723659634590149,-0.05069530010223389,-0.6518598198890686,1.22026526927948
557,0.1523474156856537,0.3418330252170563,-0.7583402395248413,-0.6777962446212769
558,0.7884143590927124,-1.4092395305633545,-0.44309958815574646,1.5274772644042969
559,-0.3750411868095398,-0.5806233882904053,-1.9365487098693848,-1.4161288738250732
560,-0.9226551651954651,0.5526056289672852,-1.6393672227859497,0.7005667686462402
561,-0.30304670333862305,-0.5851649641990662,-1.1589096784591675,-0.20017218589782715
562,-0.9802978038787842,-1.2495982646942139,-0.0031097487080842257,0.005485109984874725
563,0.0725293755531311,0.5736643075942993,-0.3966156542301178,-0.02273247390985489
564,-1.249816656112671,1.1540722846984863,-0.47708386182785034,-1.69178307056427
565,-1.2010035514831543,-0.6426216959953308,-1.8272287845611572,1.3749375343322754
566,-0.014937219209969044,-0.49150580167770386,-1.6777201890945435,0.0012352466583251953
567,-0.44982603192329407,-1.0465819835662842,-0.9522899389266968,-0.6755491495132446
568,1.164811372756958,-0.5375338196754456,-1.892640233039856,0.12469029426574707
569,-0.28128281235694885,0.04437226057052612,-2.3481900691986084,0.6971063613891602
570,-0.661019504070282,-1.601102352142334,-2.002164363861084,-0.3041694164276123
571,-0.55074542760849,-0.36817628145217896,-0.9744201302528381,0.015330791473388672
572,-0.25413715839385986,-0.023752860724925995,-1.1767182350158691,0.2882119417190552
573,-0.5634064078330994,0.9769601821899414,-1.577388048171997,0.16051268577575684
574,-0.2878955602645874,-0.6392217874526978,-1.824617862701416,0.019524812698364258
575,-1.6921690702438354,0.4868452548980713,-1.8155388832092285,-0.8341344594955444
576,-0.7763044238090515,0.390848845243454,-1.6940122842788696,-0.9915192723274231
577,-0.5115041136741638,-0.4914565086364746,-0.7835158705711365,0.08943521976470947
578,-0.8770743608474731,0.3941551446914673,-1.3248329162597656,0.5297063589096069
579,0.332822322845459,-0.14493364095687866,-1.64075767993927,-0.46625691652297974
580,-1.0161257982254028,-0.39617687463760376,-0.8760719299316406,-0.19425910711288452
581,0.035183947533369064,-0.8761652112007141,-0.12956668436527252,-0.9638237953186035
582,0.45893439650535583,-1.5005358457565308,0.09508229792118073,-0.5833041667938232
583,-0.5748485922813416,-0.9321618676185608,-0.8370034694671631,-0.380995512008667
584,-1.3000819683074951,0.4038434326648712,-0.7087724208831787,-0.8154428005218506
585,-0.5669979453086853,-0.436418741941452,-1.8871800899505615,-1.2114485502243042
586,0.14134909212589264,0.028757989406585693,-0.09557982534170151,-0.21717816591262817
587,0.3016776740550995,-1.2615853548049927,-0.3505648374557495,0.3894553780555725
588,-0.1390504390001297,1.7577717304229736,-0.8432406187057495,0.09533953666687012
589,1.0221880674362183,-0.1500834822654724,-1.3199753761291504,-0.35311007499694824
590,-0.5270002484321594,-0.6506972312927246,-0.6534863710403442,0.5611110925674438
591,0.9626314043998718,0.42796486616134644,-2.7959442138671875,-0.33739185333251953
592,-0.0012808135943487287,0.33201301097869873,-1.244637131690979,-0.18173229694366455
593,-0.882474958896637,-0.002212047576904297,-0.934392511844635,0.14812695980072021
594,-0.8805541396141052,0.0181540846824646,-0.6276388764381409,-0.38742613792419434
595,0.2837013602256775,-0.1623585969209671,-0.9918782114982605,0.14401698112487793
596,-1.1206841468811035,-0.805883526802063,-1.0493932962417603,-0.7889546155929565
597,-0.9941027760505676,-0.42819201946258545,-2.0618972778320312,-1.2124478816986084
598,-0.09715139120817184,0.3846566081047058,-1.4476202726364136,-0.4465447664260864
599,-1.8673150539398193,0.7327524423599243,-1.7024266719818115,-0.3079577684402466
600,-0.8995712995529175,0.3755563497543335,-1.0327094793319702,-0.4502827525138855
601,-0.9004542231559753,-0.8396428823471069,-0.8996267318725586,0.03733682632446289
602,-0.9952216148376465,1.1910960674285889,-2.199075698852539,-0.22241652011871338
603,-1.7150356769561768,0.4396599531173706,-0.4909249544143677,0.629340648651123
604,-1.1659395694732666,-0.3471413850784302,-0.5304224491119385,0.0458759069442749
605,-0.6643741726875305,0.33588364720344543,-0.32104527950286865,-0.7258065342903137
606,-0.7342349886894226,1.156017780303955,-1.3688960075378418,-0.613020658493042
607,-0.9714767932891846,0.28321659564971924,-0.8890029191970825,-0.14992547035217285
608,-0.4039810597896576,-0.5283938050270081,-0.7027945518493652,-0.06068992614746094
609,-1.5280063152313232,-0.4908040761947632,-2.3397417068481445,-0.6592131853103638
610,-1.5447640419006348,-0.3027534484863281,-2.2002804279327393,-0.1277751922607422
611,-0.7473496198654175,-0.16489076614379883,-1.6812471151351929,-1.261828899383545
612,-1.0957732200622559,-0.30839353799819946,-1.7244235277175903,1.2004050016403198
613,-1.6804018020629883,-1.1322782039642334,0.2503794729709625,-0.5009830594062805
614,-1.0436381101608276,-0.7325057983398438,-0.6427534818649292,0.564952552318573
615,0.3740999400615692,0.4192298948764801,-0.8250589966773987,-0.4407643675804138
616,-0.5608422160148621,-0.9303058981895447,-0.5062410831451416,-0.570069432258606
617,-0.3313058912754059,-0.036793410778045654,-1.3958326578140259,-0.3192563056945801
618,-0.9639834761619568,-1.029404640197754,-0.7519620060920715,1.4156323671340942
619,-1.3799177408218384,-0.034163594245910645,-1.5151126384735107,-1.0036184787750244
620,-0.9950833916664124,-0.5031951665878296,-1.2019988298416138,-0.2942950129508972
621,1.1697349548339844,0.2799319624900818,-0.31723451614379883,0.3360006511211395
622,-0.11510786414146423,-0.22260072827339172,-1.3442195653915405,0.4735429286956787
623,0.2713969051837921,0.07926951348781586,-1.2674531936645508,-0.24974215030670166
624,0.22669607400894165,-0.05298292636871338,-0.3857325315475464,-0.5859774947166443
625,0.07571350038051605,0.19802245497703552,-0.712122917175293,-0.4856696128845215
626,-1.0885493755340576,0.5579285621643066,-1.7993708848953247,0.6826860904693604
627,-1.3515318632125854,-0.5122603178024292,-2.3951895236968994,-0.177484393119812
628,0.4934369623661041,0.24384461343288422,-1.59039306640625,0.13053953647613525
629,0.3774069547653198,-0.4581149220466614,-1.0366733074188232,-0.5858358144760132
630,-0.8477363586425781,-0.6746394634246826,-1.8478901386260986,-0.19279682636260986
631,-0.16057373583316803,-0.29007989168167114,-0.2503606975078583,-0.13235747814178467
632,-0.3078346252441406,0.3399129807949066,-1.1397589445114136,0.3644005060195923
633,0.8549604415893555,-0.818868100643158,-0.6204022765159607,-0.6071244478225708
634,-0.6970108151435852,-0.557495653629303,-1.1474416255950928,-0.6893782615661621
635,-1.6744112968444824,0.5614943504333496,0.4098014235496521,-1.3462562561035156
636,-0.03744756057858467,0.1495794653892517,-0.4791797697544098,-1.7828149795532227
637,-1.1148144006729126,-0.5225390195846558,-2.2894442081451416,-0.12462115287780762
638,-0.09750807285308838,0.7456662654876709,-0.7415903806686401,-0.41098248958587646
639,0.8067811131477356,0.4403494596481323,-0.42565715312957764,0.4111972451210022
640,-0.5915462374687195,-0.48026177287101746,-1.0303163528442383,0.04748106002807617
641,0.6189554929733276,0.1982625275850296,1.2387808561325073,-0.11030358076095581
642,-0.5805082321166992,-0.406543105840683,-1.8257973194122314,-0.011032938957214355
643,-1.1941558122634888,1.2320170402526855,-1.5173227787017822,0.3668553829193115
644,0.08517304062843323,0.8495413661003113,-0.6944777369499207,-0.17699086666107178
645,0.6278334856033325,-0.6264902353286743,-0.38660380244255066,0.18190662562847137
646,-0.8217018246650696,-0.2536320686340332,-1.1057029962539673,0.17358148097991943
647,-0.058933075517416,-0.0019059181213378906,-2.4311721324920654,0.01826786994934082
648,-0.5791992545127869,-0.4951382577419281,-0.8005253076553345,-0.07695358991622925
649,-0.08076754212379456,-0.5657150149345398,-1.895925521850586,0.2773764133453369
650,-0.24110762774944305,-1.2845230102539062,-0.6382647156715393,0.38394200801849365
651,0.1191539317369461,-0.6042810678482056,0.047285523265600204,-0.9758058786392212
652,-0.30805906653404236,0.8227554559707642,0.017621750012040138,0.09450098127126694
653,-1.3405652046203613,0.06171095371246338,-1.005409598350525,-0.626599133014679
654,-1.0374855995178223,0.5094266533851624,-1.2625683546066284,-0.24662703275680542
655,-1.2927201986312866,0.3284842073917389,-1.031571626663208,1.14659583568573
656,-0.04373294115066528,1.3629428148269653,-0.2722136974334717,0.27704566717147827
657,-0.39728590846061707,-0.4869689345359802,-0.11502228677272797,0.2802211046218872
658,0.15503819286823273,0.07721918821334839,-1.1584042310714722,0.19970440864562988
659,0.5118383765220642,0.10574626922607422,-0.2034289389848709,-0.13197553157806396
660,-0.6658462285995483,-0.8755381107330322,-1.67814040184021,1.7596685886383057
661,0.29020339250564575,-0.18248629570007324,-0.4597078263759613,-1.0690215826034546
662,-0.7988712191581726,-0.34679925441741943,-0.6185852289199829,0.15380173921585083
663,-0.006368022412061691,-0.32422223687171936,-0.1618591994047165,-0.068194180727005
664,-0.38913214206695557,-0.9340002536773682,-0.05230019986629486,-0.2074652463197708
665,-1.0989558696746826,-0.42994123697280884,-1.052527904510498,-0.15952438116073608
666,0.059096984565258026,0.7688935399055481,-0.010340448468923569,1.2535823583602905
667,-1.628367304801941,0.22525334358215332,-1.6698203086853027,-0.04193723201751709
668,-2.43691349029541,-0.3892441987991333,-0.8874518275260925,-1.3204398155212402
669,1.0207970142364502,0.22565168142318726,-1.0061951875686646,0.7479831576347351
670,-1.0969212055206299,0.12482532858848572,-0.5823569297790527,-0.034396469593048096
671,0.7116440534591675,-0.16401362419128418,-1.5278841257095337,0.2745940685272217
672,-0.34314754605293274,0.6314989924430847,-0.7985741496086121,0.8122776746749878
673,-1.0685977935791016,0.1365511417388916,-0.6645547151565552,-0.7716044783592224
674,-1.2918165922164917,-0.27784302830696106,-0.9538681507110596,0.7768560647964478
675,-0.1431986689567566,-0.3196360468864441,-0.5105443596839905,-0.49690312147140503
676,0.7101607322692871,-1.0019824504852295,0.2647174596786499,0.037369370460510254
677,0.010154962539672852,1.1700862646102905,-0.7948957085609436,0.658443033695221
678,0.3216311037540436,1.6787190437316895,-1.0485848188400269,-0.7888665199279785
679,1.0843168497085571,-0.3567574620246887,0.037453025579452515,-0.5489638447761536
680,-1.1654168367385864,-2.082470417022705,-1.3493858575820923,-0.13425874710083008
681,-1.9093875885009766,-0.15232110023498535,-1.807636022567749,-0.06114959716796875
682,-1.110682725906372,-0.41198956966400146,-0.4341968894004822,-0.7584636807441711
683,-2.2967529296875,-0.4086627960205078,-1.3755979537963867,-0.6751761436462402
684,-0.22952687740325928,-0.20780277252197266,-1.5273913145065308,0.19990622997283936
685,-1.8673570156097412,-0.8954142332077026,-0.3178562521934509,-1.0504409074783325
686,-0.85555100440979,0.14580053091049194,0.056396495550870895,0.12084390223026276
687,-2.021075487136841,0.5041769742965698,0.6125836968421936,-0.9089536666870117
688,-0.7197998762130737,0.19322967529296875,-1.0011725425720215,0.5685241222381592
689,-1.0896265506744385,0.8542706966400146,-0.866851806640625,0.7931259870529175
690,-1.3369472026824951,-1.0837551355361938,-0.09374070167541504,0.03098219633102417
691,-1.995733380317688,-0.1808147430419922,-0.18264009058475494,-0.06781181693077087
692,-0.6424997448921204,-0.7112222909927368,-1.1015700101852417,-0.21956437826156616
693,-1.8351032733917236,0.13944995403289795,-1.2547417879104614,0.5141347646713257
694,-0.6361328363418579,0.5887284278869629,-0.32714828848838806,-0.4767332971096039
695,-1.8471876382827759,-0.9209049940109253,-0.329035222530365,-0.3331293761730194
696,-1.0784282684326172,0.11185967922210693,-0.22647693753242493,0.046386003494262695
697,-2.7326955795288086,-0.5501168966293335,-0.785922646522522,-0.3586692810058594
698,-0.07833266258239746,-0.5137097239494324,-1.2062077522277832,0.9679017066955566
699,-2.1532416343688965,-1.752133846282959,-0.490216463804245,-0.4883803725242615
700,-1.949952244758606,-0.251035213470459,-0.2773118317127228,0.21364593505859375
701,-1.3323771953582764,0.3767405152320862,-0.901358425617218,0.2832224369049072
702,-0.8198797702789307,-0.4277695417404175,-0.6974267363548279,-0.3217126131057739
703,-0.9922305941581726,-0.07236796617507935,-0.9625335335731506,0.0790298581123352
704,0.6741299629211426,-0.4831574857234955,0.040912192314863205,-0.3461877107620239
705,-1.4296742677688599,-0.6375305652618408,-0.5533686876296997,0.02362370491027832
706,-0.16045239567756653,0.01307925209403038,-0.8840506672859192,-0.059653282165527344
707,0.11079814285039902,-0.6329573392868042,0.014964181929826736,0.20984596014022827
708,-0.16509205102920532,0.030153978615999222,-0.12674139440059662,-0.534705638885498
709,-1.3711562156677246,0.2941547632217407,0.5128909945487976,0.04209470748901367
710,-0.4712364375591278,-1.0661706924438477,-0.04360486567020416,-0.5374769568443298
711,0.6565587520599365,-0.9714491963386536,-0.14050616323947906,-0.82733154296875
712,-0.053514789789915085,0.3142012655735016,0.3466264605522156,-0.4333071708679199
713,-0.10893839597702026,-0.5283356308937073,0.1711205691099167,-0.6184711456298828
714,-2.305511713027954,-0.6425421237945557,0.4130941927433014,-0.038058340549468994
715,-1.1272587776184082,-0.37732404470443726,-0.18107837438583374,-0.18343064188957214
716,0.01737762987613678,-0.004426777362823486,-1.3347915410995483,0.030310451984405518
717,-2.2171237468719482,0.04458737373352051,-0.9253238439559937,-0.717750608921051
718,-2.2626423835754395,0.41266798973083496,-1.3968043327331543,-0.447905957698822
719,-1.0464963912963867,0.2501305341720581,-0.06624362617731094,-0.4329288899898529
720,-0.0011081856209784746,-0.06394997239112854,-1.1485650539398193,-1.2366127967834473
721,-1.4093788862228394,-0.4292415380477905,-0.6965104937553406,0.19528591632843018
722,-0.40337058901786804,-0.752282440662384,-0.3929794132709503,0.4930359721183777
723,-1.017051100730896,1.1276334524154663,0.23713497817516327,-1.1193751096725464
724,-1.8204666376113892,-0.18189942836761475,-0.07589960098266602,-0.585994303226471
725,-1.798531174659729,-0.6419999599456787,-0.7114142775535583,-0.6021229028701782
726,-2.787466287612915,-0.4163341522216797,-1.1038408279418945,-0.09091389179229736
727,-2.236372470855713,-0.5763449668884277,-0.5848707556724548,-0.17608371376991272
728,-2.1504738330841064,-0.627227783203125,0.16479845345020294,0.28612497448921204
729,-2.072824716567993,-0.731526792049408,0.15241648256778717,-0.6415635943412781
730,-1.645869493484497,-0.4537395238876343,0.3643697500228882,-0.5414199233055115
731,-1.281583547592163,-0.3557320833206177,-0.6086493134498596,-0.16113698482513428
732,-1.0210336446762085,0.23626446723937988,-0.5404894351959229,0.52531898021698
733,-1.2929258346557617,0.6581400632858276,-0.4050685167312622,-0.257068932056427
734,-1.1871157884597778,-0.07688248157501221,0.16231141984462738,-0.9848294258117676
735,-0.7390754222869873,-0.6646637916564941,0.18151430785655975,-0.33324649930000305
736,-0.5806558728218079,0.43060392141342163,-0.9782509207725525,-0.3967604637145996
737,-0.1988939791917801,-0.829412579536438,-0.8616006970405579,-0.7829883694648743
738,-0.6955939531326294,-0.3109135627746582,0.18896068632602692,0.02215123176574707
739,-0.5790574550628662,0.29515141248703003,-0.8971697688102722,-0.9852292537689209
740,-0.7712302803993225,0.6054620742797852,0.2997358441352844,0.8041151762008667
741,-0.20423783361911774,-0.5691818594932556,-0.3420664072036743,-0.6948115825653076
742,-0.2060505449771881,0.5982255339622498,-1.477036952972412,-0.22185194492340088
743,-0.29777607321739197,-0.16361528635025024,-0.0986577719449997,-1.2577385902404785
744,-1.7793437242507935,-0.2457500696182251,0.798008382320404,-0.07229876518249512
745,-0.8052290678024292,0.051959991455078125,-0.21352560818195343,-0.3861311376094818
746,-0.8236972689628601,-0.20491397380828857,-0.22601786255836487,0.10136237740516663
747,0.09427768737077713,-0.2761252224445343,0.5208709239959717,0.16112083196640015
748,-1.2421586513519287,-0.6853526830673218,-0.1201343759894371,0.3592056930065155
749,-1.081427812576294,-0.1033940315246582,-0.04608391970396042,0.265198290348053
750,0.3453870713710785,-0.40233707427978516,-0.059253279119729996,-0.00784342736005783
751,-0.3552369177341461,0.18611936271190643,0.8312340378761292,-0.055543601512908936
752,-0.8860968351364136,-0.9738513231277466,0.2583337128162384,-0.4504716396331787
753,-0.6127047538757324,-0.7080258131027222,0.5015289187431335,0.5333011150360107
754,-0.18780753016471863,0.06735425442457199,0.2830767035484314,1.2142572402954102
755,-1.0153337717056274,-0.2697409391403198,-0.24692483246326447,-0.2892268896102905
756,-0.3312956392765045,0.18327879905700684,-1.5616278648376465,0.38142383098602295
757,-0.523788332939148,-0.38686227798461914,-0.2558826506137848,-0.6004872918128967
758,-1.3673808574676514,0.018444418907165527,-0.2333546131849289,0.013780057430267334
759,0.12559743225574493,0.3752647340297699,-0.009740959852933884,-0.5035198926925659
760,-1.376198649406433,-0.7249591946601868,-1.075697898864746,-0.33321690559387207
761,-1.5189740657806396,-0.5414978265762329,-0.7465928196907043,-0.46761953830718994
762,-1.2554980516433716,-0.23803558945655823,-1.1914175748825073,0.2751820683479309
763,-0.6047338247299194,-0.05131489038467407,-0.863542377948761,-0.3427600860595703
764,0.6203047633171082,0.7979648113250732,-1.0553371906280518,-1.2950315475463867
765,-0.10596010088920593,0.027164936065673828,-0.1679149717092514,-0.17904126644134521
766,-0.5094243288040161,0.42629602551460266,-0.5122411251068115,0.3328351378440857
767,-1.3490763902664185,-0.1950899362564087,-1.320892572402954,-0.2993509769439697
768,-0.6183691024780273,-0.07780933380126953,-0.7367717027664185,0.23583310842514038
769,-1.9918371438980103,-0.5044969320297241,-1.953852891921997,0.7634800672531128
770,-0.019586047157645226,-0.7637758255004883,-1.963395595550537,-0.2734414339065552
771,-1.2568376064300537,-0.07075393199920654,-1.6216413974761963,0.2833036184310913
772,-1.5282323360443115,0.6173059940338135,-0.7229244709014893,-0.33311665058135986
773,-0.38129767775535583,-1.1933859586715698,-0.7185419797897339,0.2459976077079773
774,-1.0027246475219727,0.026282966136932373,-1.253486156463623,0.11316359043121338
775,-0.5086479187011719,0.9756875038146973,-0.362896203994751,-0.04173874855041504
776,-1.0406672954559326,-0.3714327812194824,0.8306738138198853,0.859485387802124
777,-0.663314700126648,-0.4831749498844147,-0.46551650762557983,0.1275421380996704
778,-0.044158924371004105,-0.8675729036331177,-0.7614853382110596,-0.02039802074432373
779,-0.27962204813957214,1.485904335975647,0.28904587030410767,0.5401214361190796
780,-0.09403428435325623,0.5153001546859741,0.40841662883758545,0.5268784761428833
781,-0.13311687111854553,-0.3230099081993103,0.7287547588348389,-0.2866281270980835
782,0.5905190110206604,-0.16313081979751587,-0.47854897379875183,0.3974858820438385
783,0.6956126093864441,-1.4547991752624512,-1.0271838903427124,0.41164398193359375
784,0.9029513001441956,-0.288765013217926,-0.3015156686306,0.16087883710861206
785,-0.5374284982681274,-1.4121432304382324,1.0547096729278564,-0.9795137047767639
786,-0.5118632912635803,0.0033140182495117188,0.0007857048185542226,0.18524077534675598
787,-1.470941185951233,-0.2692403793334961,-0.7295417189598083,-0.18366378545761108
788,-1.2603477239608765,-0.8958368301391602,-1.527065634727478,0.13776350021362305
789,-0.6028063893318176,0.8018404245376587,-1.0327304601669312,-0.3187744617462158
790,-0.9426449537277222,-0.22503387928009033,-1.4344364404678345,0.19703900814056396
791,-1.107092261314392,0.24086886644363403,-1.106023907661438,0.1561281681060791
792,-1.9878178834915161,-0.3488658666610718,-1.555173397064209,-0.16926395893096924
793,-2.2328920364379883,-0.4035271406173706,-1.3601068258285522,0.9297205209732056
794,-1.0820025205612183,0.5375888347625732,-0.34734806418418884,0.5802674889564514
795,-1.405626893043518,0.4001348614692688,-0.285717248916626,-1.1771345138549805
796,-1.5778487920761108,-0.5997092127799988,-0.17815910279750824,-0.31933003664016724
797,-0.9134894013404846,0.3896912634372711,0.1575254201889038,-0.7558454871177673
798,0.21642126142978668,-0.786669909954071,-1.511871576309204,0.16221940517425537
799,-0.6267514228820801,-0.3165138363838196,-0.3051513433456421,-0.06868374347686768
800,-0.25794321298599243,-0.140787273645401,-0.173725888133049,0.07107079029083252
801,-0.554341733455658,-0.06137681007385254,-0.9533603191375732,0.22507375478744507
802,0.20972299575805664,-0.49898457527160645,-2.2885308265686035,0.2776780128479004
803,-1.4763104915618896,-0.1306549310684204,-0.7468675374984741,0.43705910444259644
804,-0.5704932808876038,-0.5509446859359741,0.181545227766037,-0.8394834995269775
805,0.1785842627286911,-0.9805091619491577,-0.108733631670475,1.822373867034912
806,-1.1419131755828857,-0.07312935590744019,-0.8199350237846375,0.39692407846450806
807,-0.764626145362854,-0.13157232105731964,-1.5440847873687744,-1.4400415420532227
808,-0.6812983155250549,-1.0981786251068115,1.1529746055603027,-1.0490895509719849
809,-1.9892048835754395,1.216580867767334,0.024578403681516647,1.0682069063186646
810,0.033925022929906845,-0.43976056575775146,0.03603058308362961,-0.4986741542816162
811,0.0489543117582798,-0.43729376792907715,-0.4856218695640564,-0.05695042014122009
812,-0.7172451019287109,0.5017576217651367,-0.09898798912763596,-0.24162273108959198
813,-0.6525200605392456,0.021395444869995117,-0.9352094531059265,0.394245982170105
814,-1.139441728591919,-1.7699425220489502,-1.5538183450698853,-0.044286489486694336
815,-0.02067018859088421,0.7599672079086304,-1.0130791664123535,-0.2286403477191925
816,-0.9489839673042297,0.5173444747924805,-1.2034647464752197,-0.9775832891464233
817,-1.099054217338562,0.9872876405715942,-0.07726903259754181,-0.4232032895088196
818,0.09025145322084427,-0.22388029098510742,-0.22693093121051788,0.4614928066730499
819,-2.2010045051574707,0.38022661209106445,-0.7696403861045837,-0.5553843975067139
820,-1.0659995079040527,-0.344299852848053,-0.4193800091743469,-0.10687729716300964
821,-0.9872938990592957,-0.4516383409500122,-0.6987831592559814,0.04753603786230087
822,-0.46763283014297485,-0.6650102138519287,-0.812075674533844,0.07366195321083069
823,-0.9963169693946838,-0.27396830916404724,-0.6262906193733215,0.012779295444488525
824,-0.4863525927066803,-0.1683228611946106,-0.6190322637557983,-0.386774480342865
825,-1.0269612073898315,0.9053251147270203,0.13535332679748535,0.31543388962745667
826,0.11522358655929565,-0.4958476722240448,1.0051918029785156,-0.6642814874649048
827,-0.555745005607605,-0.8989773392677307,-0.47584131360054016,0.35799556970596313
828,-0.9177365899085999,0.1600821614265442,-1.043014645576477,0.1753370612859726
829,-0.30771404504776,-0.2023514211177826,-0.9591253399848938,-0.6277216672897339
830,-0.0707726925611496,-0.40757498145103455,-0.7830404043197632,-0.0520387664437294
831,-0.9177345633506775,-0.16723650693893433,-0.29066070914268494,-0.49104368686676025
832,-0.39730900526046753,-0.9855232238769531,-0.46950992941856384,0.2772619128227234
833,-0.533471405506134,-0.06616494059562683,-1.3536193370819092,-0.9242904186248779
834,-1.2847323417663574,0.5279113054275513,-0.503445565700531,0.48198187351226807
835,-1.0137807130813599,-0.28278905153274536,-1.1014721393585205,0.03691917657852173
836,-1.6928330659866333,-0.6355374455451965,-1.0433036088943481,0.5516324043273926
837,-1.5512775182724,-0.6666643023490906,-1.7404464483261108,0.461472749710083
838,-0.935447633266449,1.3312865495681763,-1.0936253070831299,0.7718054056167603
839,-0.9401410818099976,-0.037222862243652344,-0.027817508205771446,-0.28862178325653076
840,-2.1046087741851807,-0.15280568599700928,-0.2352268397808075,-0.757968008518219
841,-1.4116590023040771,-0.6015431880950928,0.09544810652732849,0.0711318850517273
842,-1.052355408668518,-1.1682252883911133,-0.05375254526734352,0.8024740815162659
843,-2.566113233566284,-0.843773365020752,0.401714026927948,-1.5891621112823486
844,-1.2223604917526245,0.13348066806793213,0.1760333925485611,-0.44956648349761963
845,-0.3550899922847748,-0.06516173481941223,0.3270934820175171,0.03585280478000641
846,-1.1377664804458618,0.05453932285308838,-0.484316349029541,0.43071839213371277
847,-1.0524557828903198,-0.5068196058273315,0.3359777331352234,-0.15864065289497375
848,-0.2603461444377899,2.040827989578247,-0.3781423270702362,-0.9254182577133179
849,-1.5958731174468994,1.2125741243362427,-1.065554141998291,0.1345069408416748
850,0.10797175765037537,-0.7369610071182251,-0.10020772367715836,-0.3176177442073822
851,0.6183459162712097,-0.24258559942245483,-0.44359084963798523,0.3109798729419708
852,-1.0893571376800537,-0.270822674036026,-0.47216570377349854,0.03798067569732666
853,-1.2166903018951416,-0.7352436184883118,-0.7478422522544861,-0.12009704113006592
854,-1.1987539529800415,-0.39706653356552124,-0.9567025303840637,1.0078201293945312
855,-1.343703031539917,-0.4139291048049927,-0.5678644776344299,0.17829006910324097
856,-0.17574937641620636,0.7520816326141357,-1.1387797594070435,0.3030790090560913
857,-1.0229095220565796,0.7332484126091003,-1.6823787689208984,0.09270787239074707
858,-0.2999509274959564,0.7924078106880188,-1.623609185218811,-0.40585553646087646
859,-0.8935355544090271,0.44184958934783936,0.0708366259932518,-1.0822882652282715
860,-0.4620479941368103,-0.17719680070877075,0.034607838839292526,-0.8024694919586182
861,-0.7318974137306213,0.18015968799591064,-0.730413019657135,-0.19143426418304443
862,-0.8750459551811218,-1.9885607957839966,-0.7168106436729431,0.7965309619903564
863,-0.2618406116962433,-0.8305123448371887,-1.7944532632827759,-0.04315316677093506
864,-0.844944179058075,-0.45201122760772705,-0.8215221762657166,-1.028717041015625
865,-0.6777443289756775,-0.09711402654647827,-1.153328776359558,-0.0790102481842041
866,-0.4905566871166229,0.5005588531494141,-1.359001874923706,-0.6535624265670776
867,-0.6694234013557434,0.36024513840675354,-1.8957669734954834,0.0826573371887207
868,-1.2349268198013306,-0.6982846260070801,-0.8327478170394897,0.02998727560043335
869,0.25996673107147217,-0.6832478046417236,-0.04914719983935356,0.8933036923408508
870,-0.8170843124389648,0.8008142709732056,-0.5654531121253967,0.6246733665466309
871,-0.8590078353881836,0.03198772668838501,-0.22840893268585205,1.420508861541748
872,-1.0015382766723633,0.2822421193122864,-0.1326795518398285,-0.29507535696029663
873,0.34770873188972473,-1.1382757425308228,-0.9714688062667847,-0.5255444049835205
874,-1.3056650161743164,-0.10275077819824219,-1.6297036409378052,-0.2277052402496338
875,-0.9643083810806274,-0.039974719285964966,-1.4006919860839844,-0.9179096221923828
876,-0.8659228086471558,-0.43360230326652527,-1.4370626211166382,-0.7537581920623779
877,-1.2380224466323853,0.30759894847869873,-0.6565915942192078,-0.09111274778842926
878,-1.2230769395828247,0.4444313645362854,0.31165310740470886,0.6767470240592957
879,-1.4640260934829712,-0.12473034858703613,-0.035765860229730606,-0.21936985850334167
880,-0.8931407332420349,-0.042859792709350586,-1.2628185749053955,0.32227984070777893
881,-0.5741295218467712,-0.07086734473705292,-1.8742518424987793,0.5448966026306152
882,-0.33573901653289795,-0.06583148241043091,0.1256539672613144,-0.29722797870635986
883,0.16370290517807007,0.2994198203086853,-1.2722653150558472,-0.7550294399261475
884,-2.6350247859954834,-0.8576434850692749,-0.140175461769104,0.22848227620124817
885,-0.6480923891067505,0.4766625761985779,-1.5968561172485352,-0.6678606867790222
886,-0.3763819634914398,0.275198370218277,-0.450615793466568,-0.12026751041412354
887,-0.6988312005996704,-1.0924081802368164,-1.7702559232711792,-0.20765388011932373
888,0.05391145125031471,0.22367587685585022,-1.1521164178848267,0.39737701416015625
889,-0.7886756062507629,-0.14721053838729858,-0.9829107522964478,-2.297548532485962
890,-1.5866925716400146,-1.2121189832687378,0.005978582892566919,-0.43507352471351624
891,-0.06796877086162567,0.43920350074768066,-0.4773569107055664,-0.01586049795150757
892,-1.0401513576507568,-0.668418824672699,-0.2765749394893646,-0.5596566200256348
893,-1.3023508787155151,1.4054776430130005,-1.1018431186676025,0.8533786535263062
894,-1.3911352157592773,0.46860384941101074,-1.1641777753829956,-0.24719727039337158
895,-1.6567546129226685,1.519721269607544,-1.0811264514923096,-0.03914344310760498
896,0.4408963620662689,-0.4088444113731384,-1.0907222032546997,-1.689983606338501
897,-0.9735458493232727,-0.15557372570037842,-0.2914116680622101,-0.5157135725021362
898,-0.940137505531311,-1.5348581075668335,-1.0266931056976318,-0.7743849158287048
899,-0.5790277123451233,-0.299003005027771,-1.3834487199783325,-0.23090329766273499
900,-0.7687618732452393,-0.7025294899940491,-1.775132417678833,0.13973093032836914
901,-2.0927648544311523,-0.3424217700958252,-0.9410408139228821,-0.0742032527923584
902,-1.4762853384017944,-0.6922017335891724,-1.928675889968872,0.44438958168029785
903,-0.8615391850471497,-0.15351665019989014,-2.475407838821411,0.2785072326660156
904,-0.7977887988090515,-0.9761888980865479,-1.7064886093139648,-0.6341406106948853
905,-1.8495804071426392,-0.3118417263031006,-0.9640599489212036,1.1167216300964355
906,-0.025007935240864754,0.40634986758232117,-0.09552525728940964,0.4797184467315674
907,-0.5483902096748352,-0.19879013299942017,-0.7296929359436035,-0.4016873836517334
908,-1.7704384326934814,-0.9843568801879883,-0.2419358342885971,0.30824828147888184
909,-1.0141710042953491,0.19369912147521973,-1.997972846031189,-0.4262070655822754
910,-1.590883731842041,0.5727860927581787,-0.012435279786586761,-0.22879260778427124
911,-0.9796411395072937,-0.39306777715682983,-1.8881213665008545,-1.893207311630249
912,-0.42651453614234924,0.23215073347091675,0.045434605330228806,-0.5274653434753418
913,-1.5784003734588623,0.728417158126831,-0.6129677891731262,-1.1778663396835327
914,-0.4280812442302704,0.7245769500732422,-0.39550477266311646,0.3947705030441284
915,-0.6555695533752441,0.4013247489929199,-1.2339590787887573,0.2849365472793579
916,-0.8560602068901062,-0.3231254816055298,-0.5014525651931763,-1.5328788757324219
917,-0.6792116761207581,-0.48461130261421204,-0.4859965443611145,-1.9899060726165771
918,-0.00852641835808754,-0.032203346490859985,0.15831932425498962,0.4152790307998657
919,-0.009979796595871449,0.944401204586029,-0.6576164364814758,1.4711050987243652
920,-0.004595346748828888,-1.0426260232925415,-0.11014122515916824,0.26798826456069946
921,-0.9313962459564209,0.3531948924064636,0.050370488315820694,-0.17516419291496277
922,0.05387106165289879,-0.30523401498794556,0.31769511103630066,-0.4993342161178589
923,-1.4080387353897095,-0.44556736946105957,-0.444264680147171,-0.23031124472618103
924,-1.6817985773086548,-0.08023738861083984,1.3655153512954712,-0.18942531943321228
925,-0.2821512818336487,1.0708606243133545,0.6386392116546631,0.7407761812210083
926,-0.4162718653678894,0.6273317337036133,-0.3185141682624817,-0.6731417179107666
927,-0.0030323436949402094,-0.6137601733207703,0.5729466080665588,-0.6841953992843628
928,-0.7021967172622681,0.7205773591995239,1.3880162239074707,-0.476118803024292
929,-1.2499374151229858,0.4006606936454773,0.5719760656356812,0.4813108742237091
930,-0.39015617966651917,-1.1057952642440796,0.4920444190502167,0.48117345571517944
931,-0.47400033473968506,1.0308973789215088,-0.3317148983478546,-0.4808286428451538
932,-0.638617217540741,-0.8020944595336914,0.051106687635183334,0.1146198958158493
933,-0.8664767146110535,0.9815988540649414,0.1561869978904724,0.11569532752037048
934,-0.7261639833450317,-0.9097346663475037,-0.531126081943512,0.11617279052734375
935,-0.5628976225852966,-0.641954243183136,-0.33299902081489563,0.18402540683746338
936,-0.6202476620674133,0.21090221405029297,-0.07967458665370941,-0.47653770446777344
937,-1.1678388118743896,-0.15531188249588013,-1.1552677154541016,-0.006543517112731934
938,-0.8818895220756531,1.0596060752868652,-0.6847953796386719,0.10697692632675171
939,-1.5358335971832275,0.23715722560882568,0.3760753273963928,0.17710882425308228
940,-2.1391170024871826,-0.3554694652557373,-0.3385927081108093,0.46257516741752625
941,-2.7327687740325928,-0.10303258895874023,-0.6211586594581604,-0.0172116756439209
942,-1.0473763942718506,-1.8279327154159546,1.3773293495178223,0.5681614875793457
943,-1.1906375885009766,0.8371001482009888,-0.09405355900526047,-0.8164269924163818
944,-1.1518317461013794,-0.7062795162200928,0.02939600683748722,0.331739604473114
945,-1.1973754167556763,0.7255014181137085,-0.31334632635116577,1.0246860980987549
946,-0.3277755677700043,-0.6381797790527344,-0.3355466425418854,-0.06811589002609253
947,-1.169600009918213,0.82923424243927,0.7309678792953491,0.49296867847442627
948,-1.3931660652160645,0.017533183097839355,-0.35106369853019714,0.12938299775123596
949,-0.830283522605896,-0.9546360969543457,-0.892181396484375,-0.41988974809646606
950,-0.10633857548236847,-1.1876299381256104,0.20148691534996033,-0.1825096607208252
951,0.1890450268983841,-0.6730883121490479,1.3908889293670654,-0.6316288113594055
952,0.3794901669025421,-0.45599645376205444,0.7152292728424072,-1.1567440032958984
953,-1.2162052392959595,0.769483208656311,0.5501749515533447,-0.7747169733047485
954,0.11787775158882141,-1.0095983743667603,-0.34713393449783325,-0.011812850832939148
955,-0.9488747119903564,0.24322634935379028,-0.802035391330719,-0.9110727906227112
956,-0.5674963593482971,-0.724936842918396,0.13895092904567719,0.03854602575302124
957,-0.7623692154884338,-0.6852066516876221,-1.1671324968338013,-0.5649366974830627
958,-0.35511770844459534,-0.42366719245910645,-1.5458688735961914,0.2765476703643799
959,-0.5106872320175171,-0.21522212028503418,-0.5506231784820557,-0.08788156509399414
960,-0.7641303539276123,0.1790584921836853,-0.30582618713378906,0.8110714554786682
961,-1.182253122329712,-0.2988300323486328,-1.8565386533737183,-0.04303634166717529
962,-1.4887014627456665,-0.249617338180542,-0.5494638085365295,-1.8369648456573486
963,-1.3075889348983765,0.8100601434707642,-0.029792506247758865,0.727107584476471
964,-2.0216140747070312,0.931418776512146,-0.5982485413551331,-2.31431245803833
965,-0.6686844825744629,0.5222055912017822,-0.9581687450408936,0.08456522226333618
966,-1.525241494178772,-0.034721195697784424,-1.6521742343902588,0.377107709646225
967,-2.4072914123535156,-0.10440945625305176,-0.8832581639289856,-1.4329981803894043
968,-1.4484782218933105,-0.1678568720817566,-0.4791189134120941,-0.15913125872612
969,0.029167208820581436,0.24710188806056976,-0.72548907995224,-1.8335341215133667
970,-2.0897858142852783,-0.16317534446716309,0.2686987519264221,-0.33621686697006226
971,-1.702210783958435,-0.1499643325805664,-0.6850575804710388,1.032284140586853
972,-1.4132630825042725,0.3717442750930786,-1.4071462154388428,-0.6366242170333862
973,0.11599434912204742,0.045488834381103516,-0.4606815576553345,-0.48738035559654236
974,-0.9458038806915283,-0.3148941993713379,-0.7615244388580322,1.59883713722229
975,-1.228947639465332,-1.031984567642212,-0.664779543876648,-1.3462810516357422
976,-0.9291137456893921,-0.052933454513549805,-0.48405835032463074,0.23948681354522705
977,-1.034132480621338,0.6789222955703735,-0.3811854124069214,-0.935844898223877
978,-1.1811603307724,-0.6729696989059448,-1.9564337730407715,-0.6654964685440063
979,-0.4418787658214569,-1.4044952392578125,-1.0898997783660889,-0.8013491034507751
980,-0.39456039667129517,1.5235249996185303,-0.3061543405056,-0.22954726219177246
981,-0.2668646275997162,-0.2267453670501709,0.15623676776885986,-0.17187517881393433
982,-0.7693452835083008,0.4297584891319275,-0.46318304538726807,0.08439004421234131
983,-1.41238534450531,-0.7122695446014404,-0.5886175632476807,0.022387802600860596
984,-0.03223107010126114,0.4690638780593872,-0.5158259868621826,-0.6444539427757263
985,0.32038426399230957,-0.5330732464790344,-0.10617204755544662,-0.212534099817276
986,-0.6101985573768616,-0.24880450963974,-0.1615169495344162,0.20013141632080078
987,-1.5461221933364868,-0.19499027729034424,0.32353487610816956,-0.08262121677398682
988,-1.9523741006851196,-0.43960845470428467,-0.9246681928634644,0.9042472243309021
989,-1.9852317571640015,-0.3141903877258301,0.5419943332672119,0.6370328664779663
990,-1.0064771175384521,0.14765655994415283,0.09891079366207123,0.16996517777442932
991,0.012944883666932583,0.30050063133239746,-0.8607946038246155,-0.08926504850387573
992,-1.1117515563964844,0.6276379823684692,-0.3510538637638092,1.3619377613067627
993,-2.490259885787964,-0.15462660789489746,-0.48720547556877136,-0.5807706117630005
994,-2.1466856002807617,-0.6644004583358765,0.09969178587198257,-0.18173912167549133
995,-2.4784598350524902,0.2922651767730713,-0.4868665039539337,0.10310190916061401
996,0.10937430709600449,-1.072655439376831,-1.2669990062713623,-0.2600579261779785
997,-1.6084085702896118,0.6698362827301025,-1.108811855316162,-1.5242762565612793
998,-2.2597296237945557,0.1310567855834961,-0.8706631064414978,-0.6548163890838623
999,-2.5982625484466553,-0.7162775993347168,-0.1941441148519516,-0.4578510522842407
